title,vote,created_at,comments
[SPOILERS] Weekly Rewatch | Season 3 Episode 9: The Rains of Castamere,74,Tue Mar 2 22:52:12 2010 UTC,92 comments
[NO SPOILERS] I made a drawing of Daenerys Targaryen. I hope you like it ^^,125,Sun Mar 25 12:07:28 2018 UTC,12 comments
[No Spoilers] Made an engraved maple and cherry cutting board üê≤üó°Ô∏è,58,Fri Mar 30 20:04:45 2018 UTC,7 comments
[SPOILERS] Arya foreshadowing?,26,Sat Mar 31 00:00:48 2018 UTC,9 comments
[NO SPOILERS] Majestic Daenerys Wallpaper (by Vincent Tanguay),36,Sat Mar 31 01:28:26 2018 UTC,3 comments
[SPOILERS] Who sent the Catspaw assassin?,‚Ä¢,Fri Mar 30 20:52:38 2018 UTC,1 comment
"[NO SPOILERS] Where can this song be found ""Game of Thrones"" Season 1 Track 21.",3,Sat Mar 31 10:43:31 2018 UTC,3 comments
[Spoilers] A friend of mine made a NCAA style bracket for every major death in GOT. Thought I'd share,857,last edited 2 minutes ago,143 comments
[Spoilers] How do we feel about the tarly's in season 7?,6,Sat Mar 31 06:38:11 2018 UTC,24 comments
[NO SPOILERS] A model of King's Landing I made over a weekend,16,Thu Mar 29 23:19:09 2018 UTC,2 comments
[SPOILERS] Theory regarding Cersei in S8,3,Sat Mar 31 01:58:27 2018 UTC,6 comments
[NO SPOILERS] Why is Cersei such a giant bitch?,6,Fri Mar 30 18:53:11 2018 UTC,19 comments
[SPOILERS] UPDATE: My friend and I made an updated death bracket! The tournament voting begins too!,2,Sat Mar 31 00:32:38 2018 UTC,1 comment
"[SPOILERS] ""They are loyal beasts.""",208,Fri Mar 30 22:42:32 2018 UTC,19 comments
[SPOILERS] Is the Prophecy not true?,1,Sat Mar 31 01:26:33 2018 UTC,3 comments
[NO SPOILERS] Great Idea! The throne made in lego.,2,last edited 8 hours ago,4 comments
[NO SPOILERS] COLD AS ICE - Stickers I made of the coolest king in Westeros,18,Fri Mar 30 00:00:13 2018 UTC,4 comments
[SPOILERS] Why hasn't there been widespread condemnation of Cersei's action?,17,Sat Mar 31 04:28:53 2018 UTC,26 comments
[NO SPOILERS] Used an ink printer with a UV light to make the best laptop cover.,8891,Fri Mar 30 22:25:23 2018 UTC,201 comments
[SPOILERS] LIGHT OF THE SEVEN - CERSEI‚ÄôS REVENGE,4,Fri Mar 30 12:29:15 2018 UTC,1 comment
[NO SPOILERS] Call the Banners by Rhys Cooper,312,Fri Mar 30 12:46:18 2018 UTC,4 comments
"[NO SPOILERS] Jon Snow and Daenerys, fan creation by Colin Searle",8,Thu Mar 29 04:40:50 2018 UTC,1 comment
[Spoilers] Robb's Command Error,5,Fri Mar 30 19:59:18 2018 UTC,4 comments
[Spoilers] Do you think we will see...,26,Thu Mar 29 19:14:37 2018 UTC,21 comments
[SPOILERS] A theory/Prediction on the Northern lords,0,Fri Mar 30 14:19:17 2018 UTC,22 comments
[SPOILERS] GoT anime. 10/10 would watch!,13,Fri Mar 30 17:45:18 2018 UTC,6 comments
